<?xml version="1.0"?>
<rss version="2.0" xmlns:atom="http://www.w3.org/2005/Atom">
  <channel>
    <title>Cookie Leaks</title>
    <link></link>
    <atom:link href="/feed.xml" rel="self" type="application/rss+xml" />
    <description>Leaking cookies.</description>
    <language>en-us</language>
    <pubDate>Mon, 27 Apr 2015 21:32:09 -0700</pubDate>
    <lastBuildDate>Mon, 27 Apr 2015 21:32:09 -0700</lastBuildDate>

    
      <item>
        <title>Coming Soon</title>
        <link>/coming-soon</link>
        <pubDate>Mon, 27 Apr 2015 00:00:00 -0700</pubDate>
        <author>Cookie Monster</author>
        <description>&lt;p&gt;&lt;img src=&quot;/public/images/waiting.gif&quot;&lt;/img&gt;&lt;/p&gt;
</description>
      </item>
    

  </channel>
</rss>
