<?xml version="1.0"?>
<rss version="2.0" xmlns:atom="http://www.w3.org/2005/Atom">
  <channel>
    <title>Cookie Leaks</title>
    <link></link>
    <atom:link href="/feed.xml" rel="self" type="application/rss+xml" />
    <description>Leaking cookies.</description>
    <language>en-us</language>
    <pubDate>Wed, 29 Apr 2015 22:03:16 -0700</pubDate>
    <lastBuildDate>Wed, 29 Apr 2015 22:03:16 -0700</lastBuildDate>

    
      <item>
        <title>First Leak</title>
        <link>/first-leak</link>
        <pubDate>Thu, 30 Apr 2015 00:00:00 -0700</pubDate>
        <author>Cookie Monster</author>
        <description>&lt;p&gt;In early March of 2015, user &lt;a href=&quot;https://instagram.com/cookie0man&quot;&gt;cookie0man&lt;/a&gt; leaked the first photo of cotton candy oreos. We were able to get our hands on a package of these limited edition leaked cookies at CookieLeaks headquarters thanks to an anonymous source who left the package on our front door.&lt;/p&gt;

&lt;p&gt;&lt;img src=&quot;/public/images/ccfront.jpg&quot;/&gt;&lt;/p&gt;

&lt;h2&gt;Impressions&lt;/h2&gt;

&lt;p&gt;Here are some unfiltered impressions from our cookie tasting experts:&lt;/p&gt;

&lt;blockquote&gt;
&lt;p&gt;&lt;em&gt;I see we have a two color cream situation here&lt;/em&gt;&lt;/p&gt;

&lt;p&gt;&lt;em&gt;The cream seems less viscous than a regular oreo....or is it more viscous?&lt;/em&gt;&lt;/p&gt;

&lt;p&gt;&lt;em&gt;I did notice the slight fluffiness to the cream&lt;/em&gt;&lt;/p&gt;

&lt;p&gt;&lt;em&gt;Bleecheh!&lt;/em&gt;&lt;/p&gt;

&lt;p&gt;&lt;em&gt;A dream come true&lt;/em&gt;&lt;/p&gt;

&lt;p&gt;&lt;em&gt;I feel like I&amp;#39;m at disney land&lt;/em&gt;&lt;/p&gt;

&lt;p&gt;&lt;em&gt;Is this real? I&amp;#39;m so intregued by this.&lt;/em&gt;&lt;/p&gt;

&lt;p&gt;&lt;em&gt;It was bizzare but I kind of liked it&lt;/em&gt;&lt;/p&gt;

&lt;p&gt;&lt;em&gt;Is this real food?&lt;/em&gt;&lt;/p&gt;
&lt;/blockquote&gt;

&lt;h2&gt;The opening&lt;/h2&gt;

&lt;p&gt;&lt;img src=&quot;/public/images/openleak.gif&quot;/&gt;&lt;/p&gt;

&lt;p&gt;&lt;strong&gt;Takeaway:&lt;/strong&gt; You could smell the sugar the moment the package was opened.&lt;/p&gt;

&lt;h2&gt;Inside the cookie&lt;/h2&gt;

&lt;p&gt;&lt;img src=&quot;/public/images/insidecc.jpg&quot;/&gt;&lt;/p&gt;

&lt;h2&gt;Leaked ingredients&lt;/h2&gt;

&lt;p&gt;We found a list of ingredients on the back of the package. Here they are:&lt;/p&gt;

&lt;blockquote&gt;
&lt;p&gt;&lt;strong&gt;Ingredients:&lt;/strong&gt; Unbleached enriched flour (wheat flour, niacin, reduced iron, thiamine mononitrate (vitamin b1), riboflavin (vitamin b2), folic acid), sugar, palm and/or canola oil, dextrose, high fructose corn syrup, cornstarch, salt, baking soda, artificial and natural flavor, soy lecithin, artificial color (red 40 lake, blue 1 lake).&lt;/p&gt;
&lt;/blockquote&gt;

&lt;p&gt;Unfortunately, we were not leaked what was in the &lt;em&gt;natural and artificial&lt;/em&gt; flavors, which likely gave the cookie its cotton candy taste.&lt;/p&gt;
</description>
      </item>
    
      <item>
        <title>CookieGate</title>
        <link>/cookie-gate</link>
        <pubDate>Mon, 27 Apr 2015 00:00:00 -0700</pubDate>
        <author>Cookie Monster</author>
        <description>&lt;p&gt;Earlier today, an anonymous user submitted a leak of an Oreo cookie that they claim to have an inside scoop on. More information to come. Here is the original photo:&lt;/p&gt;

&lt;h2&gt;Mysterious cookie leak photo&lt;/h2&gt;

&lt;p&gt;&lt;img src=&quot;/public/images/leak1.jpg&quot;&lt;/img&gt;&lt;/p&gt;
</description>
      </item>
    
      <item>
        <title>Coming Soon</title>
        <link>/coming-soon</link>
        <pubDate>Mon, 27 Apr 2015 00:00:00 -0700</pubDate>
        <author>Cookie Monster</author>
        <description>&lt;p&gt;&lt;img src=&quot;/public/images/waiting.gif&quot;&lt;/img&gt;&lt;/p&gt;
</description>
      </item>
    

  </channel>
</rss>
