<?xml version="1.0"?>
<rss version="2.0" xmlns:atom="http://www.w3.org/2005/Atom">
  <channel>
    <title>Cookie Leaks</title>
    <link></link>
    <atom:link href="/feed.xml" rel="self" type="application/rss+xml" />
    <description>Leaking cookies.</description>
    <language>en-us</language>
    <pubDate>Sun, 26 Apr 2015 15:14:22 -0700</pubDate>
    <lastBuildDate>Sun, 26 Apr 2015 15:14:22 -0700</lastBuildDate>

    
      <item>
        <title>First Post</title>
        <link>/first-post</link>
        <pubDate>Mon, 27 Apr 2015 00:00:00 -0700</pubDate>
        <author>Cookie Monster</author>
        <description></description>
      </item>
    

  </channel>
</rss>
